Time [s],pole to pole distance [µm]
-200.46,17.0704
-167.05,17.8422
-133.64,17.5244
-100.23,17.2066
-66.82,16.0716
-33.41,16.2532
0,16.571
33.41,17.3428
66.82,16.9796
100.23,16.7072
133.64,17.3882
167.05,17.1158
200.46,17.6152
233.87,18.4778
267.28,18.9772
300.69,18.2054
334.1,18.5686
367.51,18.4324
400.92,19.522
434.33,19.2496
467.74,19.749
501.15,20.0668
534.56,21.2926
567.97,19.6582
601.38,19.522
634.79,19.0226
668.2,19.8398
701.61,20.3846
735.02,19.522
768.43,20.0668
801.84,20.0668
835.25,19.9306
868.66,18.841
902.07,19.2496
